Name,Latitude,Longitude
Pedicularis_alaschanica,34.6833333333,100.683333333
Pedicularis_alaschanica,34.6766666667,100.643333333
Pedicularis_alaschanica,34.7077777778,100.244166667
Pedicularis_alaschanica,33.7277777778,99.3502777778
Pedicularis_alaschanica,33.7277777778,99.3502777778
Pedicularis_alaschanica,36.5875,100.490555556
Pedicularis_alaschanica,36.3813888889,100.878055556
Pedicularis_alaschanica,33.0102777778,97.1030555556
Pedicularis_alaschanica,32.995,97.2483333333
Pedicularis_alaschanica,33.0333333333,97.2083333333
Pedicularis_alaschanica,30.1711111111,97.3336111111
Pedicularis_alaschanica,29.7466666667,96.7091666667
Pedicularis_alaschanica,32.9944444444,98.3397222222
Pedicularis_alaschanica,32.2505555556,100.062222222
Pedicularis_alaschanica,29.4944444444,97.9438888889
Pedicularis_alaschanica,29.8719444444,97.6663888889
Pedicularis_alaschanica,30.8263888889,95.35
Pedicularis_alaschanica,30.815,95.1530555556
Pedicularis_alaschanica,31.2861111111,97.5252777778
Pedicularis_alaschanica,31.1466666667,98.1736111111
Pedicularis_alaschanica,31.13,98.1958333333
Pedicularis_aloensis,25.7,100.116666667
Pedicularis_aloensis,27.9358333333,98.6519444444
Pedicularis_alopecuros,28.94,102.248888889
Pedicularis_alopecuros,28.1194444444,101.154444444
Pedicularis_alopecuros,28.1208333333,101.141111111
Pedicularis_alopecuros,28.5227777778,99.8166666667
Pedicularis_anas,32.2997222222,96.5413888889
Pedicularis_anas,32.9177777778,97.0397222222
Pedicularis_anas,32.8791666667,97.0675
Pedicularis_anas,33.0,97.1
Pedicularis_anas,33.0463888889,96.855
Pedicularis_anas,31.7061111111,102.313888889
Pedicularis_anas,31.8502777778,102.670277778
Pedicularis_anas,29.3858333333,100.149444444
Pedicularis_anas,30.0338888889,91.2702777778
Pedicularis_anas,31.3327777778,98.1286111111
Pedicularis_anas,31.3447222222,98.0538888889
Pedicularis_anas,31.6466666667,98.3905555556
Pedicularis_anas,31.62,100.216666667
Pedicularis_anas,31.5922222222,100.377222222
Pedicularis_anas,31.4038888889,99.9661111111
Pedicularis_anas,31.4038888889,99.9661111111
Pedicularis_anas,31.4038888889,99.9661111111
Pedicularis_anas,31.4583333333,99.9777777778
Pedicularis_anas,32.5769444444,100.546666667
Pedicularis_anas,30.0477777778,101.385833333
Pedicularis_anas,30.0636111111,100.771111111
Pedicularis_anas,30.3036111111,99.5575
Pedicularis_anas,31.6247222222,100.222777778
Pedicularis_anas,30.9836111111,98.9611111111
Pedicularis_anas,32.4883333333,100.764722222
Pedicularis_anas,32.2563888889,101.194166667
Pedicularis_anas,33.2463888889,101.480555556
Pedicularis_anas,32.7241666667,102.109166667
Pedicularis_anas,32.8963888889,101.916111111
Pedicularis_anas,31.7061111111,102.313888889
Pedicularis_anas,31.7061111111,102.313888889
Pedicularis_anas,32.0458333333,102.316388889
Pedicularis_anas,32.3458333333,102.45
Pedicularis_anas,32.6708333333,102.513888889
Pedicularis_anas,32.2333333333,102.6025
Pedicularis_anas,32.4686111111,102.366666667
Pedicularis_anas,33.4136111111,102.550555556
Pedicularis_anas,33.7866666667,103.096111111
Pedicularis_anas,34.1480555556,102.572777778
Pedicularis_anas,31.1888888889,97.31
Pedicularis_anas,31.1961111111,97.3202777778
Pedicularis_anas,30.6119444444,97.6069444444
Pedicularis_anas,31.2861111111,97.5252777778
Pedicularis_anas,31.1466666667,98.1736111111
Pedicularis_anas,31.2013888889,98.0836111111
Pedicularis_anas,30.4522222222,98.4955555556
Pedicularis_anas,30.9069444444,98.1936111111
Pedicularis_anas,31.4975,98.0277777778
Pedicularis_anas,31.6844444444,97.9497222222
Pedicularis_anas,31.5747222222,98.0552777778
Pedicularis_anas,31.5052777778,98.2894444444
Pedicularis_anas,29.4738888889,100.219722222
Pedicularis_anas,30.175,100.011111111
Pedicularis_anas,30.0147222222,100.862222222
Pedicularis_anas,30.0791666667,101.8075
Pedicularis_anas,30.0675,101.8025
Pedicularis_anas,32.2341666667,102.606666667
Pedicularis_angustiloba,31.1661111111,97.3005555556
Pedicularis_angustiloba,29.2188888889,101.516388889
Pedicularis_angustiloba,32.5166666667,98.0291666667
Pedicularis_angustiloba,31.9994444444,99.0661111111
Pedicularis_angustiloba,31.8063888889,99.4319444444
Pedicularis_anthemifolia,31.725,100.744444444
Pedicularis_anthemifolia,30.6838888889,97.2619444444
Pedicularis_anthemifolia,30.1588888889,97.3155555556
Pedicularis_anthemifolia,30.1711111111,97.3336111111
Pedicularis_anthemifolia,31.8,92.8283333333
Pedicularis_anthemifolia,32.3988888889,98.1977777778
Pedicularis_anthemifolia,30.815,95.1530555556
Pedicularis_anthemifolia,31.46,96.7247222222
Pedicularis_armata,33.2975,100.431944444
Pedicularis_armata,32.9222222222,97.2916666667
Pedicularis_armata,32.075,97.0386111111
Pedicularis_armata,32.2505555556,100.062222222
Pedicularis_armata,32.2563888889,101.194166667
Pedicularis_armata,32.2338888889,101.219722222
Pedicularis_armata,32.3452777778,101.415277778
Pedicularis_armata,32.0825,101.079722222
Pedicularis_armata,33.2463888889,101.480555556
Pedicularis_armata,32.7241666667,102.109166667
Pedicularis_armata,33.1086111111,102.631944444
Pedicularis_armata,33.6438888889,103.507777778
Pedicularis_armata,34.0211111111,102.736666667
Pedicularis_armata,34.1480555556,102.572777778
Pedicularis_axillaris,28.7463888889,100.269166667
Pedicularis_axillaris,29.1411111111,99.9283333333
Pedicularis_axillaris,29.1030555556,99.6319444444
Pedicularis_axillaris,27.6244444444,99.6433333333
Pedicularis_axillaris,30.6838888889,97.2619444444
Pedicularis_axillaris,29.0758333333,99.9188888889
Pedicularis_axillaris,29.1025,99.6708333333
Pedicularis_axillaris,28.8675,99.2458333333
Pedicularis_axillaris,28.9163888889,102.216388889
Pedicularis_axillaris,29.2188888889,101.516388889
Pedicularis_axillaris,27.6913888889,100.025
Pedicularis_axillaris,27.3777777778,100.076666667
Pedicularis_axillaris,27.4625,99.8975
Pedicularis_axillaris,27.7472222222,101.461944444
Pedicularis_axillaris,27.3944444444,100.1
Pedicularis_batangensis,31.5977777778,100.367222222
Pedicularis_batangensis,30.6527777778,100.216111111
Pedicularis_batangensis,31.1694444444,100.301111111
Pedicularis_batangensis,32.4883333333,100.764722222
Pedicularis_bella,29.6111111111,94.6516666667
Pedicularis_bidentata,31.8291666667,99.7277777778
Pedicularis_bidentata,32.5769444444,100.546666667
Pedicularis_bidentata,32.3433333333,100.768888889
Pedicularis_bidentata,32.0825,101.079722222
Pedicularis_bidentata,32.7241666667,102.109166667
Pedicularis_bidentata,32.3316666667,102.449444444
Pedicularis_bidentata,34.1480555556,102.572777778
Pedicularis_bidentata,34.0211111111,102.736666667
Pedicularis_bomiensis,29.5575,97.9122222222
Pedicularis_bomiensis,30.8316666667,95.3525
Pedicularis_bomiensis,30.8458333333,95.3680555556
Pedicularis_bomiensis,31.4058333333,97.4719444444
Pedicularis_bomiensis,31.4830555556,98.2775
Pedicularis_brachycrania,31.4583333333,99.9777777778
Pedicularis_brevilabris,28.5938888889,99.8469444444
Pedicularis_brevilabris,31.1841666667,96.6052777778
Pedicularis_brevilabris,28.9402777778,102.103055556
Pedicularis_brevilabris,29.2136111111,101.538611111
Pedicularis_brevilabris,32.5769444444,100.546666667
Pedicularis_brevilabris,29.9969444444,100.879444444
Pedicularis_brevilabris,30.2525,100.258333333
Pedicularis_brevilabris,30.4702777778,101.658888889
Pedicularis_brevilabris,31.4058333333,97.4719444444
Pedicularis_brevilabris,30.9611111111,98.3069444444
Pedicularis_brevilabris,31.4830555556,98.2775
Pedicularis_brevilabris,27.0913888889,102.99
Pedicularis_brevilabris,30.9125,102.890555556
Pedicularis_cephalantha,29.2766666667,101.471388889
Pedicularis_cephalantha,27.4758333333,99.8841666667
Pedicularis_cernua,27.9108333333,98.8036111111
Pedicularis_cheilanthifolia,34.6583333333,100.626944444
Pedicularis_cheilanthifolia,34.5886111111,100.557777778
Pedicularis_cheilanthifolia,34.6897222222,99.6675
Pedicularis_cheilanthifolia,34.4030555556,100.392777778
Pedicularis_cheilanthifolia,34.4605555556,100.401666667
Pedicularis_cheilanthifolia,33.3769444444,100.29
Pedicularis_cheilanthifolia,34.1277777778,97.6577777778
Pedicularis_cheilanthifolia,32.5738888889,97.2105555556
Pedicularis_cheilanthifolia,30.0152777778,101.859444444
Pedicularis_cheilanthifolia,31.8,92.8283333333
Pedicularis_cheilanthifolia,30.1683333333,100.585277778
Pedicularis_cheilanthifolia,31.8552777778,99.1130555556
Pedicularis_chenocephala,34.4605555556,100.401666667
Pedicularis_chinensis,34.7147222222,100.711944444
Pedicularis_chinensis,34.6583333333,100.626944444
Pedicularis_chinensis,32.0716666667,97.0452777778
Pedicularis_chinensis,30.175,100.011111111
Pedicularis_chumbica,29.6111111111,94.6516666667
Pedicularis_cinerascens,31.6333333333,98.4611111111
Pedicularis_cinerascens,28.96,102.103611111
Pedicularis_cinerascens,29.3341666667,101.499444444
Pedicularis_comptoniifolia,25.1416666667,102.747777778
Pedicularis_confertiflora,30.75,101.3
Pedicularis_confertiflora,28.7463888889,100.269166667
Pedicularis_confertiflora,28.5858333333,99.8372222222
Pedicularis_confertiflora,31.4375,96.4194444444
Pedicularis_confertiflora,29.2136111111,101.538611111
Pedicularis_confertiflora,29.2766666667,101.471388889
Pedicularis_confertiflora,29.1530555556,101.406944444
Pedicularis_confertiflora,30.025,101.3875
Pedicularis_confertiflora,30.0636111111,100.771111111
Pedicularis_confertiflora,30.3036111111,99.5575
Pedicularis_confertiflora,30.1827777778,99.9925
Pedicularis_confertiflora,30.2180555556,100.258333333
Pedicularis_confertiflora,29.7588888889,94.7419444444
Pedicularis_confertiflora,28.5733333333,99.8116666667
Pedicularis_confertiflora,30.2263888889,100.245
Pedicularis_confertiflora,30.0147222222,100.862222222
Pedicularis_confertiflora,28.6722222222,100.241388889
Pedicularis_confertiflora,29.3477777778,100.112777778
Pedicularis_confertiflora,29.1597222222,100.171111111
Pedicularis_cranolopha,34.7147222222,100.711944444
Pedicularis_cranolopha,34.6488888889,100.610555556
Pedicularis_cranolopha,34.6766666667,100.643333333
Pedicularis_cranolopha,33.2975,100.431944444
Pedicularis_cranolopha,30.8502777778,101.276666667
Pedicularis_cranolopha,31.66,100.712777778
Pedicularis_cranolopha,29.1411111111,99.9283333333
Pedicularis_cranolopha,29.1030555556,99.6319444444
Pedicularis_cranolopha,29.7475,98.5863888889
Pedicularis_cranolopha,30.1711111111,97.3336111111
Pedicularis_cranolopha,29.1025,99.6708333333
Pedicularis_cranolopha,31.3327777778,98.1286111111
Pedicularis_cranolopha,31.3505555556,97.6827777778
Pedicularis_cranolopha,31.4375,96.4194444444
Pedicularis_cranolopha,29.1661111111,101.523333333
Pedicularis_cranolopha,31.5922222222,100.377222222
Pedicularis_cranolopha,32.9944444444,98.3397222222
Pedicularis_cranolopha,30.2225,99.2491666667
Pedicularis_cranolopha,30.0636111111,100.771111111
Pedicularis_cranolopha,30.1613888889,100.558888889
Pedicularis_cranolopha,30.1827777778,99.9925
Pedicularis_cranolopha,31.1694444444,100.301111111
Pedicularis_cranolopha,31.6275,100.236944444
Pedicularis_cranolopha,31.6247222222,100.222777778
Pedicularis_cranolopha,31.8552777778,99.1130555556
Pedicularis_cranolopha,31.8063888889,99.4319444444
Pedicularis_cranolopha,32.2563888889,101.194166667
Pedicularis_cranolopha,33.3025,101.527222222
Pedicularis_cranolopha,32.8963888889,101.916111111
Pedicularis_cranolopha,32.0475,102.016944444
Pedicularis_cranolopha,29.7411111111,98.6808333333
Pedicularis_cranolopha,29.7136111111,98.6272222222
Pedicularis_cranolopha,31.46,96.7247222222
Pedicularis_cranolopha,30.6119444444,97.6069444444
Pedicularis_cranolopha,31.4058333333,97.4719444444
Pedicularis_cranolopha,31.2861111111,97.5252777778
Pedicularis_cranolopha,30.9769444444,98.3302777778
Pedicularis_cranolopha,30.9611111111,98.3069444444
Pedicularis_cranolopha,30.9069444444,98.1936111111
Pedicularis_cranolopha,31.13,98.1958333333
Pedicularis_cranolopha,31.5747222222,98.0552777778
Pedicularis_cranolopha,31.6844444444,97.9497222222
Pedicularis_cranolopha,31.5052777778,98.2894444444
Pedicularis_cranolopha,30.2263888889,100.245
Pedicularis_cranolopha,32.5430555556,101.067777778
Pedicularis_cranolopha,32.8361111111,95.5625
Pedicularis_cranolopha,28.8166666667,100.155
Pedicularis_cristatella,32.2808333333,96.4630555556
Pedicularis_cristatella,31.5344444444,100.702222222
Pedicularis_cristatella,31.5119444444,100.695833333
Pedicularis_cristatella,31.9822222222,100.964444444
Pedicularis_cristatella,30.9972222222,102.693611111
Pedicularis_cristatella,31.3241666667,102.498333333
Pedicularis_cristatella,31.9325,101.053055556
Pedicularis_cristatella,32.1427777778,101.006388889
Pedicularis_croizatiana,33.205,97.4280555556
Pedicularis_croizatiana,32.7463888889,97.3472222222
Pedicularis_croizatiana,32.8288888889,97.1783333333
Pedicularis_croizatiana,32.0911111111,97.2716666667
Pedicularis_croizatiana,32.0805555556,97.0072222222
Pedicularis_croizatiana,30.2186111111,99.2294444444
Pedicularis_croizatiana,30.2344444444,99.2405555556
Pedicularis_croizatiana,29.9969444444,100.879444444
Pedicularis_croizatiana,33.1086111111,102.631944444
Pedicularis_curvituba,35.4208333333,99.4669444444
Pedicularis_curvituba,35.2616666667,98.9825
Pedicularis_cyathophylla,32.0855555556,97.0119444444
Pedicularis_cyathophylla,32.0855555556,97.0119444444
Pedicularis_cyathophylla,32.075,97.0386111111
Pedicularis_cyathophylla,29.1238888889,99.9966666667
Pedicularis_cyathophylla,28.5938888889,99.8469444444
Pedicularis_cyathophylla,29.1025,99.6708333333
Pedicularis_cyathophylla,30.0444444444,101.308055556
Pedicularis_cyathophylla,29.9969444444,100.879444444
Pedicularis_cyathophylla,30.2525,100.258333333
Pedicularis_cyathophylla,30.53,99.2416666667
Pedicularis_cyathophylloides,31.6466666667,98.3905555556
Pedicularis_cyathophylloides,31.1694444444,100.301111111
Pedicularis_cyathophylloides,30.9611111111,98.3069444444
Pedicularis_cyathophylloides,31.5916666667,98.6197222222
Pedicularis_daucifolia,32.7463888889,97.3472222222
Pedicularis_daucifolia,32.0855555556,97.0119444444
Pedicularis_davidii,29.5936111111,102.059722222
Pedicularis_davidii,29.575,101.998611111
Pedicularis_davidii,31.8502777778,102.670277778
Pedicularis_davidii,28.9402777778,102.103055556
Pedicularis_davidii,27.4591666667,99.9172222222
Pedicularis_davidii,30.8727777778,102.651388889
Pedicularis_davidii,30.8619444444,102.685
Pedicularis_davidii,31.0263888889,102.698055556
Pedicularis_davidii,30.9208333333,102.890555556
Pedicularis_davidii,30.9208333333,102.890555556
Pedicularis_davidii,30.9975,102.863611111
Pedicularis_davidii,32.0458333333,102.316388889
Pedicularis_davidii,32.3458333333,102.45
Pedicularis_davidii,33.0777777778,102.855
Pedicularis_davidii,32.9,102.519444444
Pedicularis_davidii,32.6708333333,102.513888889
Pedicularis_davidii,32.2333333333,102.6025
Pedicularis_davidii,33.4136111111,102.550555556
Pedicularis_davidii,30.0561111111,101.820277778
Pedicularis_davidii,30.86,102.681388889
Pedicularis_davidii,30.8836111111,102.652777778
Pedicularis_davidii,30.9638888889,102.879166667
Pedicularis_davidii,32.1444444444,102.518333333
Pedicularis_davidii,32.2341666667,102.606666667
Pedicularis_debilis,28.8163888889,99.2158333333
Pedicularis_debilis,31.6447222222,98.4516666667
Pedicularis_debilis,27.3769444444,100.06
Pedicularis_debilis,27.6052777778,99.8858333333
Pedicularis_decorissima,31.6961111111,100.705277778
Pedicularis_decorissima,31.66,100.712777778
Pedicularis_decorissima,31.4583333333,99.9777777778
Pedicularis_decorissima,31.4972222222,99.9925
Pedicularis_decorissima,31.72,100.719444444
Pedicularis_decorissima,32.3433333333,100.768888889
Pedicularis_decorissima,32.0825,101.079722222
Pedicularis_densispica,25.8333333333,99.9833333333
Pedicularis_densispica,34.6583333333,100.626944444
Pedicularis_densispica,32.0911111111,97.2716666667
Pedicularis_densispica,32.0855555556,97.0119444444
Pedicularis_densispica,29.1411111111,99.9283333333
Pedicularis_densispica,29.1080555556,99.9077777778
Pedicularis_densispica,29.6466666667,98.1336111111
Pedicularis_densispica,31.4483333333,98.1652777778
Pedicularis_densispica,31.5216666667,96.3611111111
Pedicularis_densispica,31.2444444444,96.5191666667
Pedicularis_densispica,28.9163888889,102.216388889
Pedicularis_densispica,29.1530555556,101.406944444
Pedicularis_densispica,27.6583333333,100.030833333
Pedicularis_densispica,27.3777777778,100.076666667
Pedicularis_densispica,27.4625,99.8975
Pedicularis_densispica,29.2802777778,100.082222222
Pedicularis_densispica,32.2563888889,101.194166667
Pedicularis_densispica,29.7411111111,98.6808333333
Pedicularis_densispica,29.8719444444,97.6663888889
Pedicularis_densispica,30.8316666667,95.3525
Pedicularis_densispica,31.46,96.7247222222
Pedicularis_densispica,30.6119444444,97.6069444444
Pedicularis_densispica,30.9611111111,98.3069444444
Pedicularis_densispica,30.9069444444,98.1936111111
Pedicularis_densispica,28.1194444444,101.154444444
Pedicularis_densispica,27.6875,101.224444444
Pedicularis_densispica,27.5255555556,99.6425
Pedicularis_densispica,28.8166666667,100.155
Pedicularis_densispica,27.9102777778,99.9605555556
Pedicularis_dichotoma,28.7672222222,99.87
Pedicularis_dichotoma,28.7922222222,99.8372222222
Pedicularis_dichotoma,30.0313888889,99.0502777778
Pedicularis_dichotoma,28.4738888889,98.9127777778
Pedicularis_dichotoma,27.9044444444,99.6366666667
Pedicularis_diffusa,28.9522222222,99.7522222222
Pedicularis_diffusa,31.6466666667,98.3905555556
Pedicularis_dolichocymba,28.5733333333,99.8116666667
Pedicularis_dolichocymba,27.3769444444,100.06
Pedicularis_dolichoglossa,29.0725,99.6322222222
Pedicularis_dolichoglossa,28.5938888889,99.8469444444
Pedicularis_dolichoglossa,27.3777777778,100.076666667
Pedicularis_dolichoglossa,30.9125,102.890555556
Pedicularis_dolichoglossa,28.3605555556,99.3677777778
Pedicularis_dolichosiphon,28.25,99.2666666667
Pedicularis_dunniana,27.4625,99.8975
Pedicularis_elwesii,28.5938888889,99.8469444444
Pedicularis_elwesii,28.5858333333,99.8372222222
Pedicularis_elwesii,27.6244444444,99.6433333333
Pedicularis_elwesii,29.2633333333,98.68
Pedicularis_elwesii,29.6466666667,98.1336111111
Pedicularis_elwesii,30.1588888889,97.3155555556
Pedicularis_elwesii,30.1711111111,97.3336111111
Pedicularis_elwesii,29.6111111111,94.6516666667
Pedicularis_elwesii,31.2869444444,97.9941666667
Pedicularis_elwesii,31.0777777778,96.9477777778
Pedicularis_elwesii,31.5216666667,96.3611111111
Pedicularis_elwesii,31.2472222222,97.3111111111
Pedicularis_elwesii,31.1888888889,97.31
Pedicularis_elwesii,31.1961111111,97.3202777778
Pedicularis_elwesii,30.6119444444,97.6069444444
Pedicularis_elwesii,31.2861111111,97.5252777778
Pedicularis_elwesii,31.1466666667,98.1736111111
Pedicularis_elwesii,28.5733333333,99.8116666667
Pedicularis_elwesii,30.2263888889,100.245
Pedicularis_elwesii,28.4038888889,99.0327777778
Pedicularis_elwesii,28.4038888889,99.0327777778
Pedicularis_fengii,28.1436111111,101.159444444
Pedicularis_fengii,28.1436111111,101.159444444
Pedicularis_fetisowii,30.1711111111,97.3336111111
Pedicularis_fetisowii,31.5977777778,100.367222222
Pedicularis_fletcheri,30.0058333333,93.9230555556
Pedicularis_fletcheri,29.6044444444,94.4094444444
Pedicularis_floribunda,30.6527777778,100.216111111
Pedicularis_fragarioides,28.96,102.103611111
Pedicularis_galeata,27.9877777778,98.4727777778
Pedicularis_geosiphon,29.2766666667,101.471388889
Pedicularis_glabrescens,29.1277777778,99.9752777778
Pedicularis_globifera,30.0338888889,91.2702777778
Pedicularis_gracilis,28.94,102.248888889
Pedicularis_gracilis,29.5633333333,94.5461111111
Pedicularis_gracilis,28.0069444444,85.8602777778
Pedicularis_gracilis,28.1216666667,85.99
Pedicularis_gracilis,28.0391666667,85.9858333333
Pedicularis_gracilis,28.0080555556,85.9752777778
Pedicularis_gracilis,28.0080555556,85.9752777778
Pedicularis_gracilis,28.4738888889,98.9127777778
Pedicularis_gracilis,28.5227777778,99.8166666667
Pedicularis_gracilis,26.4208333333,100.139722222
Pedicularis_gracilis,24.6069444444,103.595833333
Pedicularis_gracilis,28.0986111111,99.7680555556
Pedicularis_gracilituba,27.6822222222,100.024166667
Pedicularis_gracilituba,28.1436111111,101.159444444
Pedicularis_gracilituba,30.4258333333,102.561666667
Pedicularis_gruina,25.9166666667,100.083333333
Pedicularis_gyrorhyncha,25.8833333333,100.016666667
Pedicularis_gyrorhyncha,29.1411111111,99.9644444444
Pedicularis_hemsleyana,29.5769444444,101.999722222
Pedicularis_hemsleyana,28.9405555556,102.124444444
Pedicularis_hemsleyana,28.9072222222,102.225833333
Pedicularis_inflexirostris,33.0005555556,97.3288888889
Pedicularis_inflexirostris,31.3411111111,97.9297222222
Pedicularis_inflexirostris,31.1094444444,96.8744444444
Pedicularis_inflexirostris,32.3830555556,98.2388888889
Pedicularis_ingens,34.4322222222,100.333888889
Pedicularis_ingens,33.8958333333,99.6805555556
Pedicularis_ingens,33.7277777778,99.3502777778
Pedicularis_ingens,32.675,97.2944444444
Pedicularis_ingens,33.0463888889,96.855
Pedicularis_ingens,30.1469444444,101.860277778
Pedicularis_ingens,31.6961111111,100.705277778
Pedicularis_ingens,31.7616666667,100.756944444
Pedicularis_ingens,32.3772222222,98.5944444444
Pedicularis_ingens,30.1827777778,99.9925
Pedicularis_ingens,31.9272222222,96.3372222222
Pedicularis_integrifolia,33.205,97.4280555556
Pedicularis_integrifolia,28.7463888889,100.269166667
Pedicularis_integrifolia,29.1122222222,100.032777778
Pedicularis_integrifolia,29.0727777778,99.6755555556
Pedicularis_integrifolia,29.2633333333,98.68
Pedicularis_integrifolia,29.7475,98.5863888889
Pedicularis_integrifolia,29.1025,99.6708333333
Pedicularis_integrifolia,29.1380555556,99.3341666667
Pedicularis_integrifolia,31.3327777778,98.1286111111
Pedicularis_integrifolia,31.3447222222,98.0538888889
Pedicularis_integrifolia,31.3505555556,97.6827777778
Pedicularis_integrifolia,32.3988888889,98.1977777778
Pedicularis_integrifolia,32.2505555556,100.062222222
Pedicularis_integrifolia,32.2538888889,100.050555556
Pedicularis_integrifolia,32.2563888889,101.194166667
Pedicularis_integrifolia,29.7136111111,98.6272222222
Pedicularis_integrifolia,30.7736111111,95.5191666667
Pedicularis_integrifolia,30.6119444444,97.6069444444
Pedicularis_integrifolia,31.2861111111,97.5252777778
Pedicularis_integrifolia,31.2013888889,98.0836111111
Pedicularis_integrifolia,31.1466666667,98.1736111111
Pedicularis_integrifolia,30.9069444444,98.1936111111
Pedicularis_integrifolia,31.13,98.1958333333
Pedicularis_integrifolia,31.5747222222,98.0552777778
Pedicularis_integrifolia,30.175,100.011111111
Pedicularis_integrifolia,29.9980555556,101.381111111
Pedicularis_kansuensis,34.6833333333,100.683333333
Pedicularis_kansuensis,34.6766666667,100.643333333
Pedicularis_kansuensis,34.4322222222,100.333888889
Pedicularis_kansuensis,34.7077777778,100.244166667
Pedicularis_kansuensis,33.6938888889,99.4311111111
Pedicularis_kansuensis,35.4208333333,99.4669444444
Pedicularis_kansuensis,32.2997222222,96.5413888889
Pedicularis_kansuensis,33.0605555556,97.1427777778
Pedicularis_kansuensis,33.1019444444,97.3030555556
Pedicularis_kansuensis,33.75,97.05
Pedicularis_kansuensis,33.7427777778,97.125
Pedicularis_kansuensis,33.0005555556,97.3288888889
Pedicularis_kansuensis,32.9272222222,97.2666666667
Pedicularis_kansuensis,32.0944444444,97.2666666667
Pedicularis_kansuensis,32.075,97.0386111111
Pedicularis_kansuensis,32.2808333333,96.4630555556
Pedicularis_kansuensis,31.8330555556,96.4883333333
Pedicularis_kansuensis,30.75,101.3
Pedicularis_kansuensis,29.1122222222,100.032777778
Pedicularis_kansuensis,29.0019444444,99.7427777778
Pedicularis_kansuensis,29.6466666667,98.1336111111
Pedicularis_kansuensis,30.1711111111,97.3336111111
Pedicularis_kansuensis,28.9522222222,99.7522222222
Pedicularis_kansuensis,29.1025,99.6708333333
Pedicularis_kansuensis,31.4433333333,97.1880555556
Pedicularis_kansuensis,31.4483333333,98.1652777778
Pedicularis_kansuensis,31.4880555556,98.2233333333
Pedicularis_kansuensis,31.3327777778,98.1286111111
Pedicularis_kansuensis,31.5897222222,98.3888888889
Pedicularis_kansuensis,31.4375,96.4194444444
Pedicularis_kansuensis,31.5216666667,96.3611111111
Pedicularis_kansuensis,31.1841666667,96.6052777778
Pedicularis_kansuensis,31.5922222222,100.377222222
Pedicularis_kansuensis,32.9944444444,98.3397222222
Pedicularis_kansuensis,31.9755555556,100.593888889
Pedicularis_kansuensis,30.0661111111,101.33
Pedicularis_kansuensis,31.1694444444,100.301111111
Pedicularis_kansuensis,31.6275,100.236944444
Pedicularis_kansuensis,31.6247222222,100.222777778
Pedicularis_kansuensis,31.6469444444,100.266388889
Pedicularis_kansuensis,31.9497222222,98.595
Pedicularis_kansuensis,31.9133333333,98.815
Pedicularis_kansuensis,31.9530555556,98.9036111111
Pedicularis_kansuensis,31.8552777778,99.1130555556
Pedicularis_kansuensis,31.9994444444,99.0661111111
Pedicularis_kansuensis,31.1138888889,99.3647222222
Pedicularis_kansuensis,31.0497222222,99.565
Pedicularis_kansuensis,29.8855555556,92.5061111111
Pedicularis_kansuensis,30.4702777778,101.658888889
Pedicularis_kansuensis,32.4883333333,100.764722222
Pedicularis_kansuensis,33.3025,101.527222222
Pedicularis_kansuensis,32.8963888889,101.916111111
Pedicularis_kansuensis,34.1480555556,102.572777778
Pedicularis_kansuensis,31.4791666667,96.7763888889
Pedicularis_kansuensis,30.9769444444,98.3302777778
Pedicularis_kansuensis,31.13,98.1958333333
Pedicularis_kansuensis,31.5916666667,98.6197222222
Pedicularis_kansuensis,30.2263888889,100.245
Pedicularis_kansuensis,32.1444444444,102.518333333
Pedicularis_labordei,25.7666666667,100.016666667
Pedicularis_labordei,25.7666666667,100.016666667
Pedicularis_labordei,27.0913888889,102.99
Pedicularis_lachnoglossa,32.2997222222,96.5413888889
Pedicularis_lachnoglossa,33.1769444444,97.3794444444
Pedicularis_lachnoglossa,32.7463888889,97.3472222222
Pedicularis_lachnoglossa,32.8297222222,96.8988888889
Pedicularis_lachnoglossa,32.1430555556,97.2705555556
Pedicularis_lachnoglossa,32.2791666667,96.2730555556
Pedicularis_lachnoglossa,30.1469444444,101.860277778
Pedicularis_lachnoglossa,29.3858333333,100.149444444
Pedicularis_lachnoglossa,28.7463888889,100.269166667
Pedicularis_lachnoglossa,29.1411111111,99.9283333333
Pedicularis_lachnoglossa,29.2633333333,98.68
Pedicularis_lachnoglossa,29.6466666667,98.1336111111
Pedicularis_lachnoglossa,30.1711111111,97.3336111111
Pedicularis_lachnoglossa,28.9522222222,99.7522222222
Pedicularis_lachnoglossa,29.1,99.6922222222
Pedicularis_lachnoglossa,31.3327777778,98.1286111111
Pedicularis_lachnoglossa,31.4375,96.4194444444
Pedicularis_lachnoglossa,32.3988888889,98.1977777778
Pedicularis_lachnoglossa,32.3830555556,98.2388888889
Pedicularis_lachnoglossa,30.1191666667,92.1594444444
Pedicularis_lachnoglossa,30.5266666667,101.581111111
Pedicularis_lachnoglossa,30.5361111111,101.585555556
Pedicularis_lachnoglossa,32.2563888889,101.194166667
Pedicularis_lachnoglossa,29.7411111111,98.6808333333
Pedicularis_lachnoglossa,29.5005555556,97.9352777778
Pedicularis_lachnoglossa,29.4944444444,97.9438888889
Pedicularis_lachnoglossa,31.2861111111,97.5252777778
Pedicularis_lachnoglossa,31.4058333333,97.4719444444
Pedicularis_lachnoglossa,31.1466666667,98.1736111111
Pedicularis_lachnoglossa,30.9611111111,98.3069444444
Pedicularis_lachnoglossa,30.9069444444,98.1936111111
Pedicularis_lachnoglossa,31.4975,98.0277777778
Pedicularis_lachnoglossa,31.5747222222,98.0552777778
Pedicularis_lachnoglossa,30.175,100.011111111
Pedicularis_lasiophrys,32.2816666667,96.2030555556
Pedicularis_lasiophrys,31.8502777778,102.670277778
Pedicularis_lasiophrys,31.6447222222,98.4516666667
Pedicularis_lasiophrys,33.14,97.4980555556
Pedicularis_lasiophrys,30.9208333333,102.890555556
Pedicularis_lasiophrys,30.86,102.681388889
Pedicularis_lasiophrys,32.2341666667,102.606666667
Pedicularis_lasiophrys,32.2788888889,96.2011111111
Pedicularis_latituba,31.3505555556,97.6827777778
Pedicularis_latituba,31.1961111111,97.3202777778
Pedicularis_latituba,31.1888888889,97.31
Pedicularis_legendrei,27.7172222222,98.6925
Pedicularis_legendrei,27.8972222222,98.6677777778
Pedicularis_likiangensis,28.8991666667,100.285555556
Pedicularis_likiangensis,31.6333333333,98.4611111111
Pedicularis_likiangensis,31.0927777778,96.4194444444
Pedicularis_likiangensis,32.6608333333,98.0480555556
Pedicularis_likiangensis,27.3580555556,100.063333333
Pedicularis_lineata,31.9297222222,102.657222222
Pedicularis_lineata,28.9402777778,102.103055556
Pedicularis_lineata,29.3341666667,101.499444444
Pedicularis_lineata,33.0527777778,98.0036111111
Pedicularis_lineata,32.5166666667,98.0291666667
Pedicularis_lineata,32.3830555556,98.2388888889
Pedicularis_lineata,31.8780555556,99.7638888889
Pedicularis_lineata,31.8291666667,99.7277777778
Pedicularis_lineata,32.5819444444,100.4625
Pedicularis_lineata,32.5744444444,100.477222222
Pedicularis_lineata,32.2483333333,100.107777778
Pedicularis_lineata,30.0477777778,101.385833333
Pedicularis_lineata,31.8552777778,99.1130555556
Pedicularis_lineata,30.8744444444,102.631388889
Pedicularis_lineata,30.8836111111,102.652777778
Pedicularis_longiflora,36.2444444444,101.566388889
Pedicularis_longiflora,34.7147222222,100.711944444
Pedicularis_longiflora,34.5941666667,99.8391666667
Pedicularis_longiflora,34.3575,100.255555556
Pedicularis_longiflora,34.3341666667,100.509444444
Pedicularis_longiflora,33.2975,100.431944444
Pedicularis_longiflora,33.3563888889,99.5619444444
Pedicularis_longiflora,35.1097222222,98.8194444444
Pedicularis_longiflora,30.0402777778,101.838333333
Pedicularis_longiflora,28.7463888889,100.269166667
Pedicularis_longiflora,28.7922222222,99.8372222222
Pedicularis_longiflora,29.6466666667,98.1336111111
Pedicularis_longiflora,29.5058333333,96.7425
Pedicularis_longiflora,31.6447222222,98.4516666667
Pedicularis_longiflora,31.3505555556,97.6827777778
Pedicularis_longiflora,29.2136111111,101.538611111
Pedicularis_longiflora,33.0527777778,98.0036111111
Pedicularis_longiflora,32.3830555556,98.2388888889
Pedicularis_longiflora,31.72,100.719444444
Pedicularis_longiflora,27.4758333333,99.8841666667
Pedicularis_longiflora,30.025,101.3875
Pedicularis_longiflora,30.1683333333,100.585277778
Pedicularis_longiflora,30.3036111111,99.5575
Pedicularis_longiflora,29.6816666667,100.376111111
Pedicularis_longiflora,29.5169444444,100.271944444
Pedicularis_longiflora,31.6275,100.236944444
Pedicularis_longiflora,31.9133333333,98.815
Pedicularis_longiflora,31.8552777778,99.1130555556
Pedicularis_longiflora,31.8063888889,99.4319444444
Pedicularis_longiflora,30.3116666667,100.295555556
Pedicularis_longiflora,30.2180555556,100.258333333
Pedicularis_longiflora,29.7033333333,92.1213888889
Pedicularis_longiflora,29.8838888889,92.3327777778
Pedicularis_longiflora,29.7588888889,94.7419444444
Pedicularis_longiflora,30.5102777778,101.629722222
Pedicularis_longiflora,30.4702777778,101.658888889
Pedicularis_longiflora,31.7061111111,102.313888889
Pedicularis_longiflora,32.4883333333,100.764722222
Pedicularis_longiflora,32.3433333333,100.768888889
Pedicularis_longiflora,32.2563888889,101.194166667
Pedicularis_longiflora,33.3025,101.527222222
Pedicularis_longiflora,32.0825,101.079722222
Pedicularis_longiflora,33.2033333333,101.290833333
Pedicularis_longiflora,32.0475,102.016944444
Pedicularis_longiflora,32.8963888889,101.916111111
Pedicularis_longiflora,33.5233333333,102.761388889
Pedicularis_longiflora,33.7866666667,103.096111111
Pedicularis_longiflora,30.7825,95.5958333333
Pedicularis_longiflora,30.8316666667,95.3525
Pedicularis_longiflora,30.815,95.1530555556
Pedicularis_longiflora,31.2472222222,97.3111111111
Pedicularis_longiflora,31.1961111111,97.3202777778
Pedicularis_longiflora,30.3961111111,98.4727777778
Pedicularis_longiflora,31.2327777778,98.0552777778
Pedicularis_longiflora,31.13,98.1958333333
Pedicularis_longiflora,31.5747222222,98.0552777778
Pedicularis_longiflora,30.2263888889,100.245
Pedicularis_longiflora,29.9980555556,101.381111111
Pedicularis_longiflora,31.6913888889,102.321111111
Pedicularis_longipes,32.0833333333,102.289444444
Pedicularis_longistipitata,31.8752777778,96.5236111111
Pedicularis_lophotricha,30.2263888889,100.245
Pedicularis_lutescens,25.8333333333,99.9833333333
Pedicularis_lutescens,27.6244444444,99.6433333333
Pedicularis_lutescens,30.7736111111,95.5191666667
Pedicularis_lutescens,31.46,96.7247222222
Pedicularis_lutescens,31.2013888889,98.0836111111
Pedicularis_lutescens,30.9069444444,98.1936111111
Pedicularis_lutescens,31.5747222222,98.0552777778
Pedicularis_lutescens,31.4830555556,98.2775
Pedicularis_lyrata,34.6897222222,99.6675
Pedicularis_lyrata,34.4322222222,100.333888889
Pedicularis_lyrata,33.76,99.4338888889
Pedicularis_lyrata,32.1430555556,97.2705555556
Pedicularis_lyrata,32.075,97.0386111111
Pedicularis_lyrata,31.8330555556,96.4883333333
Pedicularis_lyrata,30.0152777778,101.859444444
Pedicularis_lyrata,30.8502777778,101.276666667
Pedicularis_lyrata,31.725,100.744444444
Pedicularis_lyrata,30.1711111111,97.3336111111
Pedicularis_lyrata,31.3327777778,98.1286111111
Pedicularis_lyrata,31.4375,96.4194444444
Pedicularis_lyrata,31.1619444444,96.1836111111
Pedicularis_lyrata,28.5719444444,99.8327777778
Pedicularis_lyrata,29.2766666667,101.471388889
Pedicularis_lyrata,32.8,98.3402777778
Pedicularis_lyrata,30.025,101.3875
Pedicularis_lyrata,29.6816666667,100.376111111
Pedicularis_lyrata,31.8552777778,99.1130555556
Pedicularis_lyrata,32.0825,101.079722222
Pedicularis_lyrata,30.175,100.011111111
Pedicularis_lyrata,29.1702777778,100.094166667
Pedicularis_macrosiphon,31.1402777778,103.575833333
Pedicularis_macrosiphon,30.6111111111,101.756111111
Pedicularis_macrosiphon,32.1030555556,102.811111111
Pedicularis_macrosiphon,31.3919444444,102.925277778
Pedicularis_macrosiphon,32.0522222222,102.739722222
Pedicularis_melampyriflora,32.0716666667,97.0452777778
Pedicularis_melampyriflora,28.3480555556,99.4575
Pedicularis_merrilliana,29.7108333333,98.0025
Pedicularis_metaszetschuanica,31.7061111111,102.313888889
Pedicularis_metaszetschuanica,32.7113888889,101.905277778
Pedicularis_metaszetschuanica,32.0833333333,102.289444444
Pedicularis_metaszetschuanica,33.0777777778,102.855
Pedicularis_metaszetschuanica,32.1444444444,102.518333333
Pedicularis_microchila,28.96,102.103611111
Pedicularis_microchila,30.8619444444,102.685
Pedicularis_microchila,30.9208333333,102.890555556
Pedicularis_microchilae,30.9111111111,102.895277778
Pedicularis_minutilabris,32.0458333333,102.316388889
Pedicularis_minutilabris,32.2088888889,102.616388889
Pedicularis_minutilabris,31.7086111111,102.300277778
Pedicularis_mollis,32.2861111111,96.5055555556
Pedicularis_mollis,29.5058333333,96.7425
Pedicularis_mollis,31.2127777778,96.1080555556
Pedicularis_mollis,31.2444444444,96.5191666667
Pedicularis_mollis,31.1841666667,96.6052777778
Pedicularis_mollis,31.1227777778,97.0233333333
Pedicularis_mollis,30.8497222222,95.4391666667
Pedicularis_mollis,31.46,96.7247222222
Pedicularis_mollis,31.4791666667,96.7763888889
Pedicularis_monbeigiana,27.1975,98.7133333333
Pedicularis_monbeigiana,27.1991666667,98.6938888889
Pedicularis_monbeigiana,27.5477777778,98.9041666667
Pedicularis_muscoides,29.1461111111,100.038333333
Pedicularis_mussotii,28.5938888889,99.8469444444
Pedicularis_mussotii,29.2188888889,101.516388889
Pedicularis_mussotii,30.0791666667,101.8075
Pedicularis_mussotii,30.0477777778,101.385833333
Pedicularis_mussotii,30.0044444444,100.86
Pedicularis_mussotii,30.0044444444,100.86
Pedicularis_mussotii,30.0147222222,100.862222222
Pedicularis_mussotii,30.0561111111,101.820277778
Pedicularis_mussotii,29.3083333333,101.488333333
Pedicularis_mussotii,29.1372222222,101.413055556
Pedicularis_mussotii,29.3386111111,101.490833333
Pedicularis_mussotii,29.2705555556,101.470555556
Pedicularis_mussotii,30.9111111111,102.895277778
Pedicularis_mussotii,28.8166666667,100.155
Pedicularis_nyalamensis,30.9611111111,98.3069444444
Pedicularis_oederi,34.5863888889,99.8636111111
Pedicularis_oederi,34.4691666667,100.3925
Pedicularis_oederi,34.5808333333,99.4508333333
Pedicularis_oederi,32.2558333333,96.3258333333
Pedicularis_oederi,31.9272222222,96.4597222222
Pedicularis_oederi,32.675,97.2944444444
Pedicularis_oederi,29.7108333333,98.0025
Pedicularis_oederi,29.3227777778,97.0325
Pedicularis_oederi,29.3341666667,101.499444444
Pedicularis_oederi,33.14,97.4980555556
Pedicularis_oederi,32.6608333333,98.0480555556
Pedicularis_oederi,31.4975,98.0277777778
Pedicularis_oliveriana,32.0855555556,97.0119444444
Pedicularis_oliveriana,32.1027777778,97.0419444444
Pedicularis_oliveriana,30.0338888889,91.2702777778
Pedicularis_oliveriana,29.8905555556,93.6563888889
Pedicularis_oliveriana,31.4375,96.4194444444
Pedicularis_oliveriana,29.7008333333,91.4302777778
Pedicularis_oliveriana,29.7408333333,91.1163888889
Pedicularis_oliveriana,30.0066666667,93.0016666667
Pedicularis_oliveriana,29.4944444444,97.9438888889
Pedicularis_oliveriana,30.8263888889,95.35
Pedicularis_oliveriana,30.9069444444,98.1936111111
Pedicularis_orthocoryne,30.6119444444,97.6069444444
Pedicularis_oxycarpa,25.8833333333,100.016666667
Pedicularis_oxycarpa,27.4633333333,99.9133333333
Pedicularis_oxycarpa,29.2766666667,101.471388889
Pedicularis_oxycarpa,27.4625,99.8975
Pedicularis_oxycarpa,27.6975,101.220833333
Pedicularis_oxycarpa,28.5227777778,99.8166666667
Pedicularis_pectinatiformis,31.8752777778,96.5236111111
Pedicularis_pectinatiformis,30.0058333333,93.9230555556
Pedicularis_pectinatiformis,30.0636111111,100.771111111
Pedicularis_petitmenginii,31.9297222222,102.657222222
Pedicularis_pheulpinii,34.4691666667,100.3925
Pedicularis_pheulpinii,34.3341666667,100.509444444
Pedicularis_pheulpinii,33.1272222222,96.7180555556
Pedicularis_pheulpinii,29.7016666667,98.5255555556
Pedicularis_pheulpinii,30.1588888889,97.3155555556
Pedicularis_pheulpinii,31.9544444444,98.9127777778
Pedicularis_pilosa,31.8808333333,96.5416666667
Pedicularis_pilostachya,31.0777777778,96.9477777778
Pedicularis_plicata,33.3563888889,99.5619444444
Pedicularis_plicata,31.9272222222,96.4597222222
Pedicularis_plicata,32.7463888889,97.3472222222
Pedicularis_plicata,30.1588888889,97.3155555556
Pedicularis_plicata,31.3327777778,98.1286111111
Pedicularis_plicata,31.6333333333,98.4611111111
Pedicularis_plicata,31.0777777778,96.9477777778
Pedicularis_plicata,31.4002777778,96.6797222222
Pedicularis_plicata,31.1661111111,97.3005555556
Pedicularis_plicata,33.14,97.4980555556
Pedicularis_plicata,32.8,98.3402777778
Pedicularis_plicata,32.6608333333,98.0480555556
Pedicularis_plicata,32.3830555556,98.2388888889
Pedicularis_plicata,31.4038888889,99.9661111111
Pedicularis_plicata,32.2483333333,100.107777778
Pedicularis_plicata,30.0044444444,100.86
Pedicularis_plicata,31.9536111111,98.855
Pedicularis_plicata,31.4002777778,96.6797222222
Pedicularis_plicata,31.1888888889,97.31
Pedicularis_plicata,31.1961111111,97.3202777778
Pedicularis_plicata,31.2472222222,97.3111111111
Pedicularis_plicata,31.5747222222,98.0552777778
Pedicularis_plicata,31.5052777778,98.2894444444
Pedicularis_plicata,30.175,100.011111111
Pedicularis_polyodonta,30.0444444444,101.308055556
Pedicularis_polyodonta,30.0661111111,101.33
Pedicularis_polyodonta,29.9969444444,100.879444444
Pedicularis_polyodonta,30.5266666667,101.581111111
Pedicularis_polyodonta,32.2563888889,101.194166667
Pedicularis_polyodonta,32.7241666667,102.109166667
Pedicularis_polyodonta,33.4136111111,102.550555556
Pedicularis_praeruptorum,27.9108333333,98.8036111111
Pedicularis_princeps,31.4830555556,98.2775
Pedicularis_przewalskii,34.5602777778,99.5213888889
Pedicularis_przewalskii,33.8958333333,99.6805555556
Pedicularis_przewalskii,35.4208333333,99.4669444444
Pedicularis_przewalskii,31.9272222222,96.4597222222
Pedicularis_przewalskii,33.0713888889,96.8427777778
Pedicularis_przewalskii,33.1019444444,97.3030555556
Pedicularis_przewalskii,35.1097222222,98.8194444444
Pedicularis_przewalskii,29.3858333333,100.149444444
Pedicularis_przewalskii,28.8991666667,100.285555556
Pedicularis_przewalskii,29.2633333333,98.68
Pedicularis_przewalskii,29.7016666667,98.5255555556
Pedicularis_przewalskii,29.7108333333,98.0025
Pedicularis_przewalskii,29.1,99.6922222222
Pedicularis_przewalskii,31.6333333333,98.4611111111
Pedicularis_przewalskii,31.0927777778,96.4194444444
Pedicularis_przewalskii,33.14,97.4980555556
Pedicularis_przewalskii,33.0527777778,98.0036111111
Pedicularis_przewalskii,30.6119444444,97.6069444444
Pedicularis_przewalskii,30.9111111111,102.895277778
Pedicularis_pseudomelampyriflora,32.9183333333,97.3275
Pedicularis_pseudomelampyriflora,32.0783333333,97.0011111111
Pedicularis_pseudomelampyriflora,28.6002777778,100.286666667
Pedicularis_pseudomelampyriflora,29.1030555556,99.6319444444
Pedicularis_pseudomelampyriflora,30.6913888889,97.255
Pedicularis_pseudomelampyriflora,29.085,99.8966666667
Pedicularis_pseudomelampyriflora,29.1136111111,99.3455555556
Pedicularis_pseudomelampyriflora,28.7816666667,99.3075
Pedicularis_pseudomelampyriflora,31.3027777778,97.1613888889
Pedicularis_pseudomelampyriflora,31.3025,97.1597222222
Pedicularis_pseudomelampyriflora,31.4483333333,98.1652777778
Pedicularis_pseudomelampyriflora,31.2733333333,96.9697222222
Pedicularis_pseudomelampyriflora,31.4922222222,97.4061111111
Pedicularis_pseudomelampyriflora,32.4797222222,98.0219444444
Pedicularis_pseudomelampyriflora,32.4330555556,98.005
Pedicularis_pseudomelampyriflora,31.4305555556,100.150833333
Pedicularis_pseudomelampyriflora,30.2225,99.2491666667
Pedicularis_pseudomelampyriflora,30.2344444444,99.2405555556
Pedicularis_pseudomelampyriflora,30.2116666667,99.3030555556
Pedicularis_pseudomelampyriflora,30.0680555556,99.055
Pedicularis_pseudomelampyriflora,31.1694444444,100.301111111
Pedicularis_pseudomelampyriflora,31.1947222222,100.2975
Pedicularis_pseudomelampyriflora,31.6122222222,98.6044444444
Pedicularis_pseudomelampyriflora,31.6861111111,98.5941666667
Pedicularis_pseudomelampyriflora,31.5594444444,98.6791666667
Pedicularis_pseudomelampyriflora,31.9144444444,101.090833333
Pedicularis_pseudomelampyriflora,31.9325,101.053055556
Pedicularis_pseudomelampyriflora,29.7216666667,98.7769444444
Pedicularis_pseudomelampyriflora,30.7825,95.5958333333
Pedicularis_pseudomelampyriflora,30.6358333333,97.6661111111
Pedicularis_pseudomelampyriflora,30.9611111111,98.3069444444
Pedicularis_pseudomelampyriflora,30.9769444444,98.3302777778
Pedicularis_pseudomelampyriflora,31.5916666667,98.6197222222
Pedicularis_pseudomelampyriflora,29.0758333333,99.9188888889
Pedicularis_pseudomelampyriflora,29.0758333333,99.9188888889
Pedicularis_pseudomelampyriflora,29.1411111111,99.9283333333
Pedicularis_pseudomelampyriflora,31.2633333333,98.7544444444
Pedicularis_pseudomelampyriflora,29.5813888889,99.0702777778
Pedicularis_recurva,29.3341666667,101.499444444
Pedicularis_remotiloba,29.1372222222,101.413055556
Pedicularis_rex,25.7166666667,100.033333333
Pedicularis_rex,29.5833333333,102.038888889
Pedicularis_rex,29.9733333333,101.915
Pedicularis_rex,29.1411111111,99.9283333333
Pedicularis_rex,28.6188888889,99.8213888889
Pedicularis_rex,29.0758333333,99.9188888889
Pedicularis_rex,29.1025,99.6708333333
Pedicularis_rex,28.9402777778,102.103055556
Pedicularis_rex,28.94,102.248888889
Pedicularis_rex,28.9163888889,102.216388889
Pedicularis_rex,27.6583333333,100.030833333
Pedicularis_rex,27.4625,99.8975
Pedicularis_rex,27.4758333333,99.8841666667
Pedicularis_rex,29.9888888889,100.935277778
Pedicularis_rex,29.9969444444,100.879444444
Pedicularis_rex,30.3116666667,100.295555556
Pedicularis_rex,30.8597222222,102.423055556
Pedicularis_rex,30.8552777778,102.520277778
Pedicularis_rex,31.0263888889,102.698055556
Pedicularis_rex,31.5841666667,102.385555556
Pedicularis_rex,31.7355555556,102.256944444
Pedicularis_rex,29.7411111111,98.6808333333
Pedicularis_rex,27.3411111111,100.191388889
Pedicularis_rex,27.6052777778,99.8858333333
Pedicularis_rex,28.1194444444,101.154444444
Pedicularis_rex,28.1208333333,101.141111111
Pedicularis_rex,27.6875,101.224444444
Pedicularis_rex,27.4486111111,100.008611111
Pedicularis_rex,25.5030555556,99.6341666667
Pedicularis_rhinanthoides,34.6488888889,100.610555556
Pedicularis_rhinanthoides,34.5091666667,100.406944444
Pedicularis_rhinanthoides,34.5958333333,99.83
Pedicularis_rhinanthoides,34.4030555556,100.392777778
Pedicularis_rhinanthoides,34.3341666667,100.509444444
Pedicularis_rhinanthoides,34.8227777778,99.0427777778
Pedicularis_rhinanthoides,33.1019444444,97.3030555556
Pedicularis_rhinanthoides,34.1277777778,97.6577777778
Pedicularis_rhinanthoides,32.0755555556,97.0652777778
Pedicularis_rhinanthoides,30.0152777778,101.859444444
Pedicularis_rhinanthoides,31.7263888889,100.735277778
Pedicularis_rhinanthoides,29.14,100.157222222
Pedicularis_rhinanthoides,28.7463888889,100.269166667
Pedicularis_rhinanthoides,28.7463888889,100.269166667
Pedicularis_rhinanthoides,29.1122222222,100.032777778
Pedicularis_rhinanthoides,30.6838888889,97.2619444444
Pedicularis_rhinanthoides,29.3769444444,96.8941666667
Pedicularis_rhinanthoides,29.7466666667,96.7091666667
Pedicularis_rhinanthoides,29.1025,99.6708333333
Pedicularis_rhinanthoides,31.3327777778,98.1286111111
Pedicularis_rhinanthoides,31.4002777778,96.6797222222
Pedicularis_rhinanthoides,29.2136111111,101.538611111
Pedicularis_rhinanthoides,31.62,100.216666667
Pedicularis_rhinanthoides,33.14,97.4980555556
Pedicularis_rhinanthoides,33.0527777778,98.0036111111
Pedicularis_rhinanthoides,32.3830555556,98.2388888889
Pedicularis_rhinanthoides,31.72,100.719444444
Pedicularis_rhinanthoides,30.025,101.3875
Pedicularis_rhinanthoides,30.3036111111,99.5575
Pedicularis_rhinanthoides,30.1683333333,100.585277778
Pedicularis_rhinanthoides,30.2180555556,100.258333333
Pedicularis_rhinanthoides,31.6247222222,100.222777778
Pedicularis_rhinanthoides,31.6275,100.236944444
Pedicularis_rhinanthoides,31.8552777778,99.1130555556
Pedicularis_rhinanthoides,30.5102777778,101.629722222
Pedicularis_rhinanthoides,30.4702777778,101.658888889
Pedicularis_rhinanthoides,30.8744444444,102.631388889
Pedicularis_rhinanthoides,30.9208333333,102.890555556
Pedicularis_rhinanthoides,32.4883333333,100.764722222
Pedicularis_rhinanthoides,32.2563888889,101.194166667
Pedicularis_rhinanthoides,32.0825,101.079722222
Pedicularis_rhinanthoides,33.2463888889,101.480555556
Pedicularis_rhinanthoides,32.2088888889,102.616388889
Pedicularis_rhinanthoides,30.8497222222,95.4391666667
Pedicularis_rhinanthoides,30.8316666667,95.3525
Pedicularis_rhinanthoides,30.8458333333,95.3680555556
Pedicularis_rhinanthoides,30.815,95.1530555556
Pedicularis_rhinanthoides,31.4058333333,97.4719444444
Pedicularis_rhinanthoides,31.13,98.1958333333
Pedicularis_rhinanthoides,29.3386111111,101.490833333
Pedicularis_rhinanthoides,30.86,102.681388889
Pedicularis_rhinanthoides,31.6913888889,102.321111111
Pedicularis_rhinanthoides,32.7533333333,97.2138888889
Pedicularis_rhinanthoides,27.9108333333,98.8036111111
Pedicularis_rhinanthoides,27.5477777778,98.9041666667
Pedicularis_rhodotricha,31.7061111111,102.313888889
Pedicularis_rhodotricha,29.1122222222,100.032777778
Pedicularis_rhodotricha,29.0725,99.6322222222
Pedicularis_rhodotricha,29.0019444444,99.7427777778
Pedicularis_rhodotricha,28.5858333333,99.8372222222
Pedicularis_rhodotricha,28.5938888889,99.8469444444
Pedicularis_rhodotricha,27.6244444444,99.6433333333
Pedicularis_rhodotricha,29.3341666667,101.499444444
Pedicularis_rhodotricha,31.4583333333,99.9777777778
Pedicularis_rhodotricha,31.4972222222,99.9925
Pedicularis_rhodotricha,30.0791666667,101.8075
Pedicularis_rhodotricha,30.025,101.3875
Pedicularis_rhodotricha,30.0044444444,100.86
Pedicularis_rhodotricha,30.0636111111,100.771111111
Pedicularis_rhodotricha,30.3036111111,99.5575
Pedicularis_rhodotricha,30.1683333333,100.585277778
Pedicularis_rhodotricha,29.5169444444,100.271944444
Pedicularis_rhodotricha,30.2180555556,100.258333333
Pedicularis_rhodotricha,32.0825,101.079722222
Pedicularis_rhodotricha,28.5733333333,99.8116666667
Pedicularis_rhodotricha,30.175,100.011111111
Pedicularis_rhodotricha,29.3386111111,101.490833333
Pedicularis_rhodotricha,30.0791666667,101.8075
Pedicularis_rhodotricha,28.4038888889,99.0327777778
Pedicularis_rhynchodonta,29.3858333333,100.149444444
Pedicularis_rhynchodonta,29.1338888889,100.0425
Pedicularis_rhynchotricha,29.6038888889,96.3922222222
Pedicularis_rhynchotricha,29.5677777778,94.5652777778
Pedicularis_rhynchotricha,32.5430555556,101.067777778
Pedicularis_rizhaoensis,30.1683333333,100.585277778
Pedicularis_rizhaoensis,28.3272222222,99.1155555556
Pedicularis_rizhaoensis,28.1247222222,101.160833333
Pedicularis_roylei,34.4605555556,100.401666667
Pedicularis_roylei,34.4691666667,100.3925
Pedicularis_roylei,34.5808333333,99.4508333333
Pedicularis_roylei,32.675,97.2944444444
Pedicularis_roylei,32.075,97.0386111111
Pedicularis_roylei,28.8163888889,99.2158333333
Pedicularis_roylei,33.14,97.4980555556
Pedicularis_roylei,30.9069444444,98.1936111111
Pedicularis_rudis,34.5886111111,100.557777778
Pedicularis_rudis,30.1711111111,101.868888889
Pedicularis_rudis,30.2841666667,101.528611111
Pedicularis_rudis,31.5119444444,100.695833333
Pedicularis_rudis,31.8291666667,99.7277777778
Pedicularis_rudis,31.8291666667,99.7277777778
Pedicularis_rudis,31.8291666667,99.7277777778
Pedicularis_rudis,31.0833333333,99.3188888889
Pedicularis_rudis,30.5102777778,101.629722222
Pedicularis_rudis,30.8597222222,102.423055556
Pedicularis_rudis,30.8552777778,102.520277778
Pedicularis_rudis,32.1427777778,101.006388889
Pedicularis_rudis,32.6725,101.1075
Pedicularis_rudis,31.7355555556,102.256944444
Pedicularis_rupicola,31.8780555556,96.5708333333
Pedicularis_rupicola,29.1338888889,100.0425
Pedicularis_rupicola,29.1238888889,99.9966666667
Pedicularis_rupicola,29.1122222222,100.032777778
Pedicularis_rupicola,29.0019444444,99.7427777778
Pedicularis_rupicola,29.2633333333,98.68
Pedicularis_rupicola,29.7475,98.5863888889
Pedicularis_rupicola,29.7108333333,98.0025
Pedicularis_rupicola,29.6466666667,98.1336111111
Pedicularis_rupicola,29.6727777778,96.7780555556
Pedicularis_rupicola,28.8163888889,99.2158333333
Pedicularis_rupicola,29.0161111111,99.3472222222
Pedicularis_rupicola,29.7136111111,98.6272222222
Pedicularis_rupicola,29.4944444444,97.9438888889
Pedicularis_rupicola,29.5005555556,97.9352777778
Pedicularis_rupicola,30.7736111111,95.5191666667
Pedicularis_rupicola,31.46,96.7247222222
Pedicularis_rupicola,29.3422222222,101.501666667
Pedicularis_rupicola,29.3386111111,101.490833333
Pedicularis_rupicola,28.4038888889,99.0327777778
Pedicularis_salviiflora,25.8833333333,100.016666667
Pedicularis_salviiflora,27.4758333333,99.8841666667
Pedicularis_salviiflora,27.4625,99.8975
Pedicularis_salviiflora,24.6069444444,103.595833333
Pedicularis_scolopax,34.6833333333,100.683333333
Pedicularis_scolopax,33.8958333333,99.6805555556
Pedicularis_scolopax,33.0102777778,97.1030555556
Pedicularis_scolopax,33.0333333333,97.2083333333
Pedicularis_scolopax,32.9272222222,97.2666666667
Pedicularis_scolopax,32.0911111111,97.2716666667
Pedicularis_scolopax,31.0458333333,97.2255555556
Pedicularis_scolopax,31.3025,97.1597222222
Pedicularis_scolopax,31.3027777778,97.1613888889
Pedicularis_scolopax,31.2733333333,96.9697222222
Pedicularis_scolopax,32.4797222222,98.0219444444
Pedicularis_scolopax,29.9911111111,99.0705555556
Pedicularis_scolopax,29.4944444444,97.9438888889
Pedicularis_scolopax,30.7825,95.5958333333
Pedicularis_scolopax,30.8030555556,95.6436111111
Pedicularis_scolopax,30.6383333333,97.575
Pedicularis_scolopax,30.6358333333,97.6661111111
Pedicularis_scolopax,30.6883333333,97.5663888889
Pedicularis_scolopax,31.5916666667,98.6197222222
Pedicularis_scolopax,32.8494444444,96.6916666667
Pedicularis_scolopax,31.2633333333,98.7544444444
Pedicularis_semitorta,34.5886111111,100.557777778
Pedicularis_semitorta,34.5886111111,100.557777778
Pedicularis_semitorta,31.66,100.712777778
Pedicularis_semitorta,31.66,100.712777778
Pedicularis_semitorta,31.66,100.712777778
Pedicularis_semitorta,32.5819444444,100.4625
Pedicularis_semitorta,31.9755555556,100.593888889
Pedicularis_semitorta,31.7061111111,102.313888889
Pedicularis_semitorta,32.6725,101.1075
Pedicularis_semitorta,32.4883333333,100.764722222
Pedicularis_semitorta,33.3025,101.527222222
Pedicularis_semitorta,32.7241666667,102.109166667
Pedicularis_semitorta,31.6655555556,102.321111111
Pedicularis_semitorta,31.7061111111,102.313888889
Pedicularis_semitorta,33.2777777778,102.525555556
Pedicularis_semitorta,32.3316666667,102.449444444
Pedicularis_semitorta,33.6438888889,103.507777778
Pedicularis_semitorta,32.2341666667,102.606666667
Pedicularis_semitorta,32.6630555556,101.584444444
Pedicularis_sigmoidea,25.8833333333,100.016666667
Pedicularis_siphonantha,31.9180555556,96.4608333333
Pedicularis_siphonantha,32.1430555556,97.2705555556
Pedicularis_siphonantha,31.8330555556,96.4883333333
Pedicularis_siphonantha,29.1338888889,100.0425
Pedicularis_siphonantha,28.7463888889,100.269166667
Pedicularis_siphonantha,28.6188888889,99.8213888889
Pedicularis_siphonantha,29.1025,99.6708333333
Pedicularis_siphonantha,28.96,102.103611111
Pedicularis_siphonantha,29.2136111111,101.538611111
Pedicularis_siphonantha,29.2188888889,101.516388889
Pedicularis_siphonantha,29.2766666667,101.471388889
Pedicularis_siphonantha,29.3341666667,101.499444444
Pedicularis_siphonantha,31.4972222222,99.9925
Pedicularis_siphonantha,30.0158333333,101.860555556
Pedicularis_siphonantha,27.3777777778,100.076666667
Pedicularis_siphonantha,27.4625,99.8975
Pedicularis_siphonantha,30.0444444444,101.308055556
Pedicularis_siphonantha,29.9969444444,100.879444444
Pedicularis_siphonantha,30.0636111111,100.771111111
Pedicularis_siphonantha,30.1683333333,100.585277778
Pedicularis_siphonantha,30.1683333333,100.585277778
Pedicularis_siphonantha,31.8552777778,99.1130555556
Pedicularis_siphonantha,31.1088888889,99.4508333333
Pedicularis_siphonantha,31.2422222222,99.8613888889
Pedicularis_siphonantha,30.9836111111,98.9611111111
Pedicularis_siphonantha,31.0033333333,98.9113888889
Pedicularis_siphonantha,31.4927777778,99.9930555556
Pedicularis_siphonantha,30.3116666667,100.295555556
Pedicularis_siphonantha,28.1216666667,85.99
Pedicularis_siphonantha,28.1072222222,85.9986111111
Pedicularis_siphonantha,30.4702777778,101.658888889
Pedicularis_siphonantha,30.5102777778,101.629722222
Pedicularis_siphonantha,31.4058333333,97.4719444444
Pedicularis_siphonantha,31.5747222222,98.0552777778
Pedicularis_siphonantha,31.4830555556,98.2775
Pedicularis_siphonantha,28.5733333333,99.8116666667
Pedicularis_siphonantha,30.2263888889,100.245
Pedicularis_siphonantha,29.9980555556,101.381111111
Pedicularis_siphonantha,30.0561111111,101.820277778
Pedicularis_siphonantha,29.145,99.6716666667
Pedicularis_siphonantha,28.9613888889,100.276388889
Pedicularis_siphonantha,27.5255555556,99.6425
Pedicularis_siphonantha,28.32,99.7572222222
Pedicularis_siphonantha,31.995,96.415
Pedicularis_siphonantha,31.4972222222,99.9927777778
Pedicularis_smithiana,28.96,102.103611111
Pedicularis_smithiana,29.2188888889,101.516388889
Pedicularis_sorbifolia,29.2136111111,101.538611111
Pedicularis_souliei,31.725,100.744444444
Pedicularis_souliei,30.0477777778,101.385833333
Pedicularis_souliei,30.025,101.3875
Pedicularis_souliei,32.3452777778,101.415277778
Pedicularis_souliei,32.7241666667,102.109166667
Pedicularis_souliei,29.9980555556,101.381111111
Pedicularis_sphaerantha,28.8163888889,99.2158333333
Pedicularis_sphaerantha,31.6333333333,98.4611111111
Pedicularis_sphaerantha,31.3447222222,98.0538888889
Pedicularis_sphaerantha,31.1961111111,97.3202777778
Pedicularis_sphaerantha,30.6119444444,97.6069444444
Pedicularis_sphaerantha,31.5052777778,98.2894444444
Pedicularis_steiningeri,32.0805555556,97.0072222222
Pedicularis_steiningeri,28.6188888889,99.8213888889
Pedicularis_steiningeri,28.9522222222,99.7522222222
Pedicularis_steiningeri,29.1,99.6922222222
Pedicularis_steiningeri,29.1380555556,99.3341666667
Pedicularis_steiningeri,29.1380555556,99.3341666667
Pedicularis_steiningeri,31.5922222222,100.377222222
Pedicularis_steiningeri,31.4583333333,99.9777777778
Pedicularis_steiningeri,30.2186111111,99.2294444444
Pedicularis_steiningeri,30.0661111111,101.33
Pedicularis_steiningeri,30.0636111111,100.771111111
Pedicularis_steiningeri,29.4944444444,97.9438888889
Pedicularis_steiningeri,29.5575,97.9122222222
Pedicularis_steiningeri,30.8361111111,95.3558333333
Pedicularis_steiningeri,30.8316666667,95.3525
Pedicularis_steiningeri,30.9769444444,98.3302777778
Pedicularis_steiningeri,30.9611111111,98.3069444444
Pedicularis_steiningeri,31.4830555556,98.2775
Pedicularis_stenocorys,30.8619444444,102.685
Pedicularis_stenocorys,30.0561111111,101.820277778
Pedicularis_streptorhyncha,31.8502777778,102.670277778
Pedicularis_streptorhyncha,32.0458333333,102.316388889
Pedicularis_superba,28.5733333333,99.8116666667
Pedicularis_superba,29.2136111111,101.538611111
Pedicularis_superba,29.1530555556,101.406944444
Pedicularis_superba,28.5733333333,99.8116666667
Pedicularis_superba,28.1208333333,101.141111111
Pedicularis_superba,29.2705555556,101.470555556
Pedicularis_szetchuanica,31.4058333333,97.4719444444
Pedicularis_szetchuanica,32.7533333333,97.2138888889
Pedicularis_szetschuanica,34.6488888889,100.610555556
Pedicularis_szetschuanica,34.5294444444,100.411111111
Pedicularis_szetschuanica,34.7166666667,99.6869444444
Pedicularis_szetschuanica,33.9294444444,99.7433333333
Pedicularis_szetschuanica,33.3563888889,99.5619444444
Pedicularis_szetschuanica,33.1019444444,97.3030555556
Pedicularis_szetschuanica,33.205,97.4280555556
Pedicularis_szetschuanica,33.0463888889,96.855
Pedicularis_szetschuanica,32.2791666667,96.2730555556
Pedicularis_szetschuanica,32.8,98.3402777778
Pedicularis_szetschuanica,31.9536111111,98.855
Pedicularis_szetschuanica,31.8063888889,99.4319444444
Pedicularis_szetschuanica,30.5266666667,101.581111111
Pedicularis_szetschuanica,30.8597222222,102.423055556
Pedicularis_szetschuanica,30.8552777778,102.520277778
Pedicularis_szetschuanica,30.8805555556,102.457222222
Pedicularis_szetschuanica,30.8619444444,102.685
Pedicularis_szetschuanica,30.9208333333,102.890555556
Pedicularis_szetschuanica,31.7061111111,102.313888889
Pedicularis_szetschuanica,32.2338888889,101.219722222
Pedicularis_szetschuanica,32.7241666667,102.109166667
Pedicularis_szetschuanica,33.7866666667,103.096111111
Pedicularis_szetschuanica,34.0211111111,102.736666667
Pedicularis_tahaiensis,25.7666666667,100.016666667
Pedicularis_tahaiensis,25.8833333333,100.016666667
Pedicularis_tantalorhyncha,25.7,100.083333333
Pedicularis_tatsienensis,31.725,100.744444444
Pedicularis_tatsienensis,29.1338888889,100.0425
Pedicularis_tatsienensis,29.7108333333,98.0025
Pedicularis_tatsienensis,31.0766666667,96.9447222222
Pedicularis_tatsienensis,31.72,100.719444444
Pedicularis_tatsienensis,30.9208333333,102.890555556
Pedicularis_tatsienensis,30.9111111111,102.895277778
Pedicularis_tenera,30.8502777778,101.276666667
Pedicularis_tenera,31.7061111111,102.313888889
Pedicularis_tenera,32.0458333333,102.316388889
Pedicularis_tenera,29.4738888889,100.219722222
Pedicularis_tenuisecta,25.6333333333,100.166666667
Pedicularis_tenuisecta,27.4758333333,99.8841666667
Pedicularis_ternata,33.3563888889,99.5619444444
Pedicularis_ternata,35.0227777778,98.8605555556
Pedicularis_ternata,32.2558333333,96.3258333333
Pedicularis_thamnophila,25.7666666667,100.016666667
Pedicularis_thamnophila,29.1080555556,99.9077777778
Pedicularis_thamnophila,29.0447222222,99.7113888889
Pedicularis_thamnophila,29.085,99.8966666667
Pedicularis_thamnophila,29.2136111111,101.538611111
Pedicularis_thamnophila,29.1530555556,101.406944444
Pedicularis_thamnophila,27.2536111111,100.153055556
Pedicularis_tomentosa,31.5052777778,98.2894444444
Pedicularis_tongolensis,31.8,92.8283333333
Pedicularis_torta,30.8552777778,102.520277778
Pedicularis_torta,30.9069444444,102.649722222
Pedicularis_torta,30.8744444444,102.631388889
Pedicularis_torta,31.5841666667,102.385555556
Pedicularis_torta,31.7061111111,102.313888889
Pedicularis_torta,33.0777777778,102.855
Pedicularis_torta,30.8836111111,102.652777778
Pedicularis_torta,32.0180555556,102.731388889
Pedicularis_triangularidens,30.86,102.681388889
Pedicularis_triangularidens,32.2072222222,102.618611111
Pedicularis_trichocymba,28.7463888889,100.269166667
Pedicularis_trichocymba,29.1411111111,99.9283333333
Pedicularis_trichocymba,30.1711111111,97.3336111111
Pedicularis_trichocymba,31.6466666667,98.3905555556
Pedicularis_trichoglossa,32.7463888889,97.3472222222
Pedicularis_trichoglossa,33.0463888889,96.855
Pedicularis_trichoglossa,32.8830555556,96.685
Pedicularis_trichoglossa,29.6111111111,94.6516666667
Pedicularis_trichoglossa,31.6333333333,98.4611111111
Pedicularis_trichoglossa,31.2869444444,97.9941666667
Pedicularis_trichoglossa,30.3036111111,99.5575
Pedicularis_trichoglossa,30.2180555556,100.258333333
Pedicularis_trichoglossa,31.9536111111,98.855
Pedicularis_trichoglossa,31.9288888889,98.9088888889
Pedicularis_trichoglossa,31.9530555556,98.9036111111
Pedicularis_trichoglossa,31.9544444444,98.9127777778
Pedicularis_trichoglossa,31.8552777778,99.1130555556
Pedicularis_trichoglossa,31.2422222222,99.8613888889
Pedicularis_trichoglossa,30.9680555556,98.9686111111
Pedicularis_trichoglossa,30.2180555556,100.258333333
Pedicularis_trichoglossa,30.815,95.1530555556
Pedicularis_trichoglossa,31.2472222222,97.3111111111
Pedicularis_trichoglossa,31.1888888889,97.31
Pedicularis_trichoglossa,31.5747222222,98.0552777778
Pedicularis_trichoglossa,32.8494444444,96.6916666667
Pedicularis_trichoglossa,32.2819444444,96.2694444444
Pedicularis_tricolor,31.72,100.719444444
Pedicularis_tricolor,32.5819444444,100.4625
Pedicularis_tricolor,31.9755555556,100.593888889
Pedicularis_tricolor,31.9133333333,98.815
Pedicularis_tristis,34.6488888889,100.610555556
Pedicularis_tristis,34.5886111111,100.557777778
Pedicularis_tristis,34.4030555556,100.392777778
Pedicularis_tristis,33.3769444444,100.29
Pedicularis_tristis,32.9986111111,97.2516666667
Pedicularis_tristis,30.175,100.011111111
Pedicularis_tsarungensis,29.3227777778,97.0325
Pedicularis_urceolata,29.3341666667,101.499444444
Pedicularis_urceolata,30.0791666667,101.8075
Pedicularis_urceolata,30.025,101.3875
Pedicularis_urceolata,30.0044444444,100.86
Pedicularis_urceolata,30.0636111111,100.771111111
Pedicularis_urceolata,30.1683333333,100.585277778
Pedicularis_urceolata,30.5266666667,101.581111111
Pedicularis_urceolata,32.2338888889,101.219722222
Pedicularis_urceolata,29.9980555556,101.381111111
Pedicularis_urceolata,29.3386111111,101.490833333
Pedicularis_verticillata,36.36,101.448055556
Pedicularis_verticillata,34.7147222222,100.711944444
Pedicularis_verticillata,34.4322222222,100.333888889
Pedicularis_verticillata,33.5816666667,99.4897222222
Pedicularis_verticillata,31.9180555556,96.4608333333
Pedicularis_verticillata,32.8297222222,96.8988888889
Pedicularis_verticillata,32.2791666667,96.2730555556
Pedicularis_verticillata,29.3227777778,97.0325
Pedicularis_verticillata,28.96,102.103611111
Pedicularis_verticillata,29.2136111111,101.538611111
Pedicularis_verticillata,29.3341666667,101.499444444
Pedicularis_verticillata,29.1530555556,101.406944444
Pedicularis_verticillata,32.2483333333,100.107777778
Pedicularis_verticillata,30.025,101.3875
Pedicularis_verticillata,29.5169444444,100.271944444
Pedicularis_verticillata,30.9208333333,102.890555556
Pedicularis_verticillata,32.0825,101.079722222
Pedicularis_verticillata,33.2463888889,101.480555556
Pedicularis_verticillata,32.7241666667,102.109166667
Pedicularis_verticillata,31.2472222222,97.3111111111
Pedicularis_verticillata,31.5747222222,98.0552777778
Pedicularis_verticillata,29.3386111111,101.490833333
Pedicularis_verticillata,30.9125,102.890555556
Pedicularis_verticillata,30.9125,102.890555556
Pedicularis_verticillata,32.7086111111,97.2202777778
Pedicularis_verticillata,33.1272222222,97.4886111111
Pedicularis_verticillata,28.0733333333,98.7608333333
Pedicularis_vialii,27.1825,98.7202777778
Pedicularis_yunnanensis,25.7,100.083333333
Pedicularis_zayuensis,32.9188888889,97.3272222222
